"0","dir(""inputs"")"
"1","  [1]"
"1"," ""CH3_simulation_vars.Rmd""                          "
"1","
"
"1","  [2]"
"1"," ""coreflux""                                         "
"1","
"
"1","  [3]"
"1"," ""df.climate.subdaily.csv""                          "
"1","
"
"1","  [4]"
"1"," ""df.hydroclimate.1m.LC.0.csv""                      "
"1","
"
"1","  [5]"
"1"," ""df.hydroclimate.1m.LC.0.Rdata""                    "
"1","
"
"1","  [6]"
"1"," ""df.hydroclimate.1m.LC.0x1p2.csv""                  "
"1","
"
"1","  [7]"
"1"," ""df.hydroclimate.1m.LC.0x1p2.Rdata""                "
"1","
"
"1","  [8]"
"1"," ""df.hydroclimate.1m.LC.0x2.csv""                    "
"1","
"
"1","  [9]"
"1"," ""df.hydroclimate.1m.LC.0x2.Rdata""                  "
"1","
"
"1"," [10]"
"1"," ""df.hydroclimate.1m.LC.1.csv""                      "
"1","
"
"1"," [11]"
"1"," ""df.hydroclimate.1m.LC.1.Rdata""                    "
"1","
"
"1"," [12]"
"1"," ""df.hydroclimate.1m.LC.1x1p2.csv""                  "
"1","
"
"1"," [13]"
"1"," ""df.hydroclimate.1m.LC.1x1p2.Rdata""                "
"1","
"
"1"," [14]"
"1"," ""df.hydroclimate.1m.LC.1x2.csv""                    "
"1","
"
"1"," [15]"
"1"," ""df.hydroclimate.1m.LC.1x2.Rdata""                  "
"1","
"
"1"," [16]"
"1"," ""df.hydroclimate.1m.LC.2.csv""                      "
"1","
"
"1"," [17]"
"1"," ""df.hydroclimate.1m.LC.2.Rdata""                    "
"1","
"
"1"," [18]"
"1"," ""df.hydroclimate.1m.LC.2x1p2.csv""                  "
"1","
"
"1"," [19]"
"1"," ""df.hydroclimate.1m.LC.2x1p2.Rdata""                "
"1","
"
"1"," [20]"
"1"," ""df.hydroclimate.1m.LC.2x2.csv""                    "
"1","
"
"1"," [21]"
"1"," ""df.hydroclimate.1m.LC.2x2.Rdata""                  "
"1","
"
"1"," [22]"
"1"," ""df.hydroclimate.1m.LC.3.csv""                      "
"1","
"
"1"," [23]"
"1"," ""df.hydroclimate.1m.LC.3.Rdata""                    "
"1","
"
"1"," [24]"
"1"," ""df.hydroclimate.1m.LC.3x1p2.csv""                  "
"1","
"
"1"," [25]"
"1"," ""df.hydroclimate.1m.LC.3x1p2.Rdata""                "
"1","
"
"1"," [26]"
"1"," ""df.hydroclimate.1m.LC.3x2.csv""                    "
"1","
"
"1"," [27]"
"1"," ""df.hydroclimate.1m.LC.3x2.Rdata""                  "
"1","
"
"1"," [28]"
"1"," ""df.hydroclimate.1m.LC.4.csv""                      "
"1","
"
"1"," [29]"
"1"," ""df.hydroclimate.1m.LC.4.Rdata""                    "
"1","
"
"1"," [30]"
"1"," ""df.hydroclimate.1m.LC.4x1p2.csv""                  "
"1","
"
"1"," [31]"
"1"," ""df.hydroclimate.1m.LC.4x1p2.Rdata""                "
"1","
"
"1"," [32]"
"1"," ""df.hydroclimate.1m.LC.4x2.csv""                    "
"1","
"
"1"," [33]"
"1"," ""df.hydroclimate.1m.LC.4x2.Rdata""                  "
"1","
"
"1"," [34]"
"1"," ""df.hydroclimate.1m.OCD.0.csv""                     "
"1","
"
"1"," [35]"
"1"," ""df.hydroclimate.1m.OCD.0.Rdata""                   "
"1","
"
"1"," [36]"
"1"," ""df.hydroclimate.1m.OCD.0x1p2.csv""                 "
"1","
"
"1"," [37]"
"1"," ""df.hydroclimate.1m.OCD.0x1p2.Rdata""               "
"1","
"
"1"," [38]"
"1"," ""df.hydroclimate.1m.OCD.0x2.csv""                   "
"1","
"
"1"," [39]"
"1"," ""df.hydroclimate.1m.OCD.0x2.Rdata""                 "
"1","
"
"1"," [40]"
"1"," ""df.hydroclimate.1m.OCD.1.csv""                     "
"1","
"
"1"," [41]"
"1"," ""df.hydroclimate.1m.OCD.1.Rdata""                   "
"1","
"
"1"," [42]"
"1"," ""df.hydroclimate.1m.OCD.1x1p2.csv""                 "
"1","
"
"1"," [43]"
"1"," ""df.hydroclimate.1m.OCD.1x1p2.Rdata""               "
"1","
"
"1"," [44]"
"1"," ""df.hydroclimate.1m.OCD.1x2.csv""                   "
"1","
"
"1"," [45]"
"1"," ""df.hydroclimate.1m.OCD.1x2.Rdata""                 "
"1","
"
"1"," [46]"
"1"," ""df.hydroclimate.1m.OCD.2.csv""                     "
"1","
"
"1"," [47]"
"1"," ""df.hydroclimate.1m.OCD.2.Rdata""                   "
"1","
"
"1"," [48]"
"1"," ""df.hydroclimate.1m.OCD.2x1p2.csv""                 "
"1","
"
"1"," [49]"
"1"," ""df.hydroclimate.1m.OCD.2x1p2.Rdata""               "
"1","
"
"1"," [50]"
"1"," ""df.hydroclimate.1m.OCD.2x2.csv""                   "
"1","
"
"1"," [51]"
"1"," ""df.hydroclimate.1m.OCD.2x2.Rdata""                 "
"1","
"
"1"," [52]"
"1"," ""df.hydroclimate.1m.OCD.3.csv""                     "
"1","
"
"1"," [53]"
"1"," ""df.hydroclimate.1m.OCD.3.Rdata""                   "
"1","
"
"1"," [54]"
"1"," ""df.hydroclimate.1m.OCD.3x1p2.csv""                 "
"1","
"
"1"," [55]"
"1"," ""df.hydroclimate.1m.OCD.3x1p2.Rdata""               "
"1","
"
"1"," [56]"
"1"," ""df.hydroclimate.1m.OCD.3x2.csv""                   "
"1","
"
"1"," [57]"
"1"," ""df.hydroclimate.1m.OCD.3x2.Rdata""                 "
"1","
"
"1"," [58]"
"1"," ""df.hydroclimate.1m.OCD.4.csv""                     "
"1","
"
"1"," [59]"
"1"," ""df.hydroclimate.1m.OCD.4.Rdata""                   "
"1","
"
"1"," [60]"
"1"," ""df.hydroclimate.1m.OCD.4x1p2.csv""                 "
"1","
"
"1"," [61]"
"1"," ""df.hydroclimate.1m.OCD.4x1p2.Rdata""               "
"1","
"
"1"," [62]"
"1"," ""df.hydroclimate.1m.OCD.4x2.csv""                   "
"1","
"
"1"," [63]"
"1"," ""df.hydroclimate.1m.OCD.4x2.Rdata""                 "
"1","
"
"1"," [64]"
"1"," ""df.hydroclimate.1m.OCSP.0.csv""                    "
"1","
"
"1"," [65]"
"1"," ""df.hydroclimate.1m.OCSP.0.Rdata""                  "
"1","
"
"1"," [66]"
"1"," ""df.hydroclimate.1m.OCSP.0x1p2.csv""                "
"1","
"
"1"," [67]"
"1"," ""df.hydroclimate.1m.OCSP.0x1p2.Rdata""              "
"1","
"
"1"," [68]"
"1"," ""df.hydroclimate.1m.OCSP.0x2.csv""                  "
"1","
"
"1"," [69]"
"1"," ""df.hydroclimate.1m.OCSP.0x2.Rdata""                "
"1","
"
"1"," [70]"
"1"," ""df.hydroclimate.1m.OCSP.1.csv""                    "
"1","
"
"1"," [71]"
"1"," ""df.hydroclimate.1m.OCSP.1.Rdata""                  "
"1","
"
"1"," [72]"
"1"," ""df.hydroclimate.1m.OCSP.1x1p2.csv""                "
"1","
"
"1"," [73]"
"1"," ""df.hydroclimate.1m.OCSP.1x1p2.Rdata""              "
"1","
"
"1"," [74]"
"1"," ""df.hydroclimate.1m.OCSP.1x2.csv""                  "
"1","
"
"1"," [75]"
"1"," ""df.hydroclimate.1m.OCSP.1x2.Rdata""                "
"1","
"
"1"," [76]"
"1"," ""df.hydroclimate.1m.OCSP.2.csv""                    "
"1","
"
"1"," [77]"
"1"," ""df.hydroclimate.1m.OCSP.2.Rdata""                  "
"1","
"
"1"," [78]"
"1"," ""df.hydroclimate.1m.OCSP.2x1p2.csv""                "
"1","
"
"1"," [79]"
"1"," ""df.hydroclimate.1m.OCSP.2x1p2.Rdata""              "
"1","
"
"1"," [80]"
"1"," ""df.hydroclimate.1m.OCSP.2x2.csv""                  "
"1","
"
"1"," [81]"
"1"," ""df.hydroclimate.1m.OCSP.2x2.Rdata""                "
"1","
"
"1"," [82]"
"1"," ""df.hydroclimate.1m.OCSP.3.csv""                    "
"1","
"
"1"," [83]"
"1"," ""df.hydroclimate.1m.OCSP.3.Rdata""                  "
"1","
"
"1"," [84]"
"1"," ""df.hydroclimate.1m.OCSP.3x1p2.csv""                "
"1","
"
"1"," [85]"
"1"," ""df.hydroclimate.1m.OCSP.3x1p2.Rdata""              "
"1","
"
"1"," [86]"
"1"," ""df.hydroclimate.1m.OCSP.3x2.csv""                  "
"1","
"
"1"," [87]"
"1"," ""df.hydroclimate.1m.OCSP.3x2.Rdata""                "
"1","
"
"1"," [88]"
"1"," ""df.hydroclimate.1m.OCSP.4.csv""                    "
"1","
"
"1"," [89]"
"1"," ""df.hydroclimate.1m.OCSP.4.Rdata""                  "
"1","
"
"1"," [90]"
"1"," ""df.hydroclimate.1m.OCSP.4x1p2.csv""                "
"1","
"
"1"," [91]"
"1"," ""df.hydroclimate.1m.OCSP.4x1p2.Rdata""              "
"1","
"
"1"," [92]"
"1"," ""df.hydroclimate.1m.OCSP.4x2.csv""                  "
"1","
"
"1"," [93]"
"1"," ""df.hydroclimate.1m.OCSP.4x2.Rdata""                "
"1","
"
"1"," [94]"
"1"," ""df.hydroclimate.day.LC.csv""                       "
"1","
"
"1"," [95]"
"1"," ""df.hydroclimate.day.LC.Rdata""                     "
"1","
"
"1"," [96]"
"1"," ""df.hydroclimate_dynamic.csv""                      "
"1","
"
"1"," [97]"
"1"," ""df.hydroclimate_dynamic.csv.xlsx""                 "
"1","
"
"1"," [98]"
"1"," ""df.hydroclimate_static.csv""                       "
"1","
"
"1"," [99]"
"1"," ""df.hydroclimate_static.csv.xlsx""                  "
"1","
"
"1","[100]"
"1"," ""df.hydroclimate_steady_state_sensitivity.csv""     "
"1","
"
"1","[101]"
"1"," ""df.hydroclimate_steady_state_sensitivity.csv.xlsx"""
"1","
"
"1","[102]"
"1"," ""df.pred.csv""                                      "
"1","
"
"1","[103]"
"1"," ""df.stage_volume_discharge.csv""                    "
"1","
"
"1","[104]"
"1"," ""df.stage_volume_discharge.Rdata""                  "
"1","
"
"1","[105]"
"1"," ""hydrosummary.txt""                                 "
"1","
"
"1","[106]"
"1"," ""lcbp_sites""                                       "
"1","
"
"1","[107]"
"1"," ""readme.txt""                                       "
"1","
"
"1","[108]"
"1"," ""simulation_steps.txt""                             "
"1","
"
